epoch,train_loss,lr,seconds,val_top1,val_top5,val_macro_f1
0,4.7563155719212125,0.00038095238095238096,5.3277692794799805,0.016956816640289397,0.06873163011530635,0.006352527337421274
1,4.578641142163958,0.0007142857142857143,2.529214859008789,0.03413972416911598,0.10219308161881076,0.019272621921755325
2,4.370651653834751,0.001,2.483161211013794,0.0956364458512322,0.2581957947094732,0.04461385400038516
3,4.122364180428641,0.000999936423283005,2.413822889328003,0.08523626497852137,0.28600497399954783,0.060161594111202706
4,3.933504377092634,0.0009997457093000163,2.4312617778778076,0.11575853493104228,0.3122315170698621,0.06819344602780693
5,3.7363881724221364,0.0009994279065509092,2.4385673999786377,0.14108071444720777,0.3508930590097219,0.08498111344647441
6,3.58198721068246,0.0009989830958551057,2.432788133621216,0.146054713995026,0.405154872258648,0.10480953284744984
7,3.445903880255563,0.0009984113903310206,2.4348249435424805,0.1548722586479765,0.4560253221795162,0.11773012264829026
8,3.3158423560006276,0.0009977129353672951,2.4701414108276367,0.16685507574044767,0.4121636898033009,0.1228434734577892
9,3.173307418823242,0.0009968879085858235,2.46883225440979,0.20122089079810085,0.44833823196925165,0.14151865266785926
10,3.060458387647356,0.0009959365197965823,2.447646379470825,0.21094279900520008,0.46665159394076416,0.15162281051570056
11,2.938827787126814,0.0009948590109442753,2.4490931034088135,0.21162107167081168,0.4777300474790866,0.17285460447323417
12,2.823176554271153,0.0009936556560468037,2.482574939727783,0.23400406963599366,0.4964955912276735,0.1745937397696882
13,2.7168331146240234,0.0009923267611255825,2.4585447311401367,0.22269952520913408,0.5032783178837893,0.17486723893187314
14,2.5967070375170027,0.0009908726641277166,2.481661558151245,0.24937825005652273,0.5200090436355415,0.2049788207755003
15,2.508514949253627,0.00098929373484006,2.4611947536468506,0.24123897806918382,0.5258874067375084,0.19090576117778127
16,2.4244165079934255,0.0009875903747951743,2.453618049621582,0.24802170472529958,0.5186524983043184,0.21684901861305164
17,2.3534614018031528,0.0009857630171692174,2.44154691696167,0.23739543296405155,0.5261134976260456,0.20623290808010608
18,2.2629613876342773,0.0009838121266717839,2.508044719696045,0.27063079357901876,0.5419398598236491,0.2290766632674054
19,2.2466437135423933,0.000981738199427726,2.474130630493164,0.2554827040470269,0.5340266787248474,0.2201488223586892
20,2.1338558878217424,0.0009795417628509857,2.454704523086548,0.26814379380510966,0.5457834049287814,0.22939877458055538
21,2.08110134942191,0.0009772233755104694,2.4595468044281006,0.26475243047705177,0.5534704951390459,0.23895814874291607
22,2.031336103166853,0.0009747836269880004,2.4288036823272705,0.26113497626045673,0.5408094053809631,0.22710073720613352
23,1.9677093539919173,0.0009722231377283841,2.427008867263794,0.31539678950938277,0.5876102193081619,0.2736669708574529
24,1.874057650566101,0.0009695425588816248,2.4471793174743652,0.27673524756952295,0.5607054035722361,0.25451310246057296
25,1.8392394099916731,0.0009667425721373332,2.4071693420410156,0.28283970156002713,0.5654533122315171,0.2567974764663958
26,1.7754012175968714,0.0009638238895513687,2.447225332260132,0.30205742708568845,0.5774361293239882,0.26808539879347026
27,1.7154471703938075,0.0009607872533647584,2.4560399055480957,0.27356997513000225,0.5679403120054262,0.2417228387266406
28,1.67136549949646,0.0009576334358149399,2.462531805038452,0.29572688220664706,0.584218855980104,0.25591938765503436
29,1.6872205563953944,0.0009543632389393767,2.3960490226745605,0.27990052000904364,0.5812796744291205,0.24544110409666842
30,1.6061686277389526,0.0009509774943715939,2.406308174133301,0.275604793126837,0.5401311327153516,0.2520061299866662
31,1.497530800955636,0.0009474770631296881,2.4187512397766113,0.27922224734343204,0.5523400406963599,0.2463974007642836
32,1.5231322390692574,0.0009438628353973653,2.479473352432251,0.30838797196472983,0.5973321275152611,0.2817057336228793
33,1.5436315877096993,0.00094013573029756,2.449094772338867,0.2914311553244404,0.5591227673524757,0.25746081639081764
34,1.4537949902670724,0.0009362966956586969,2.416248083114624,0.2948225186524983,0.5808274926520461,0.25514888996559415
35,1.4511872019086565,0.0009323467077736511,2.4365203380584717,0.29866606375763055,0.5683924937825006,0.2713898641466131
36,1.4343266487121582,0.0009282867711514702,2.4504332542419434,0.3117793352927877,0.5794709473208229,0.2608932986722786
37,1.4205369779041834,0.0009241179182619206,2.4459729194641113,0.30499660863667194,0.5833144924259552,0.2834771980866168
38,1.375316091946193,0.0009198412092729239,2.4176225662231445,0.2778657020122089,0.5527922224734343,0.2576981166008369
39,1.3666619232722692,0.0009154577317809483,2.400570869445801,0.3092923355188786,0.5837666742030296,0.2701974921002867
40,1.3306177173342024,0.0009109686005344257,2.4408891201019287,0.3088401537418042,0.5751752204386164,0.26672164346883787
41,1.325178827558245,0.0009063749571502633,2.4666924476623535,0.28012661089758084,0.5873841284196247,0.27199971585041716
42,1.256475840296064,0.0009016779698235226,2.4370734691619873,0.30838797196472983,0.5756274022156908,0.28900624619961673
43,1.2494237082345145,0.00089687883303034,2.4182791709899902,0.31584897128645717,0.5839927650915668,0.28355962789441536
44,1.2834181785583496,0.0008919787672241618,2.454507350921631,0.30250960886276285,0.5668098575627403,0.2882291868993196
45,1.2312718289239066,0.0008869790185253765,2.474515199661255,0.3201446981686638,0.5910015826362197,0.2830169062175427
46,1.2495899881635393,0.0008818808584044163,2.4561026096343994,0.29663124576079586,0.5640967669002939,0.2748172155642095
47,1.2539462191717965,0.000876685583358414,2.4729628562927246,0.2839701560027131,0.5679403120054262,0.2734823902084948
48,1.1937806265694755,0.0008713945145814947,2.4493868350982666,0.2728917024643907,0.5588966764639385,0.255506968409716
49,1.2098052671977453,0.0008660089976287874,2.438185691833496,0.3126836988469365,0.5715577662220213,0.2854903159025048
50,1.1486984661647253,0.000860530402074241,2.4353184700012207,0.2918833371015148,0.5729143115532445,0.2773960182959132
51,1.1453596694128854,0.0008549601211623316,2.4463226795196533,0.29617906398372146,0.5636445851232196,0.2836060667078999
52,1.144275767462594,0.0008492995714537518,2.4525628089904785,0.3068053357449695,0.575853493104228,0.27860830010479953
53,1.1684815202440535,0.0008435501924651691,2.436846971511841,0.27944833823196924,0.5573140402441782,0.2628804336227748
54,1.1446900538035802,0.0008377134463031468,2.4329144954681396,0.30499660863667194,0.5564096766900294,0.27439827744399364
55,1.1699451889310564,0.0008317908172923205,2.4302754402160645,0.3176576983947547,0.5896450373049966,0.2833170812995171
56,1.1306873559951782,0.0008257838115979244,2.403437376022339,0.281483156228804,0.5525661315848971,0.2703533870981205
57,1.1166011776242937,0.0008196939568427624,2.4634721279144287,0.2817092471173412,0.562966312457608,0.27081562698165507
58,1.1487748793193273,0.0008135228017187238,2.482339859008789,0.3122315170698621,0.5810535835405833,0.28210254630330667
59,1.1160227911812919,0.0008072719155929399,2.423219680786133,0.2837440651141759,0.5496269500339136,0.27781984495269485
60,1.108340093067714,0.0008009428881086835,2.4970829486846924,0.3099706081844902,0.5713316753334841,0.28430443117532994
61,1.0838902677808488,0.0007945373287811115,2.427276372909546,0.31155324440425053,0.5860275830884015,0.2860303786057409
62,1.1020471709115165,0.0007880568665879542,2.4435300827026367,0.29889215464616775,0.5620619489034592,0.2751820213688806
63,1.1075242076601302,0.0007815031495552549,2.4158198833465576,0.3253447886050192,0.5858014921998643,0.28365782146649016
64,1.1056149176188879,0.0007748778443382658,2.438552141189575,0.3072575175220439,0.5613836762378476,0.28532488244200577
65,1.0960989679609026,0.000768182635797606,2.4258761405944824,0.3065792448564323,0.575853493104228,0.2650399662379286
66,1.069075311933245,0.0007614192265707904,2.4181809425354004,0.29369206420981236,0.5656794031200543,0.27489804649931754
67,1.068629230771746,0.0007545893366392358,2.4109737873077393,0.29957042731177935,0.5577662220212526,0.27008001752916355
68,1.0499182428632463,0.0007476947028908594,2.409154176712036,0.30183133619715125,0.5546009495817319,0.27828220410086657
69,1.0656790733337402,0.0007407370786783757,2.483948230743408,0.30748360841058103,0.5613836762378476,0.2673675567322772
70,1.0509387595312936,0.0007337182333734069,2.4162023067474365,0.30544879041374634,0.562966312457608,0.2883916150373453
71,1.0660987070628576,0.0007266399519165192,2.4692142009735107,0.3000226090888537,0.5638706760117568,0.2787463051191489
72,1.0632709435054235,0.0007195040343633006,2.5133965015411377,0.32489260682794485,0.5776622202125254,0.29252914799540863
73,1.0170140777315413,0.0007123122954265941,2.459352731704712,0.2950486095410355,0.5543748586931947,0.28234634369124084
74,1.0411588294165475,0.0007050665640150045,2.4130373001098633,0.3163011530635315,0.5729143115532445,0.2828006624136517
75,1.0339049696922302,0.0006977686827677926,2.437772274017334,0.3350666968121185,0.5869319466425503,0.29236781541998197
76,1.0040955543518066,0.0006904205075862816,2.4608137607574463,0.32421433416233325,0.5851232195342527,0.29847174985678326
77,1.0093557834625244,0.0006830239071618873,2.4850575923919678,0.2810309744517296,0.5616097671263848,0.2780342050283876
78,1.0095944915499007,0.0006755807625008974,2.434187889099121,0.30544879041374634,0.5697490391137238,0.28505109496294756
79,0.9997977103505816,0.0006680929664461184,2.4153990745544434,0.31901424372597786,0.5826362197603436,0.28323353440106547
80,1.0008776528494698,0.0006605624231955131,2.397618532180786,0.3196925163915894,0.5717838571105585,0.30339675670986205
81,0.9757826668875558,0.0006529910478179498,2.514214277267456,0.3031878815283744,0.5715577662220213,0.2858377857132988
82,0.9960322380065918,0.000645380765766187,2.4518394470214844,0.29957042731177935,0.5717838571105585,0.2755518264380208
83,0.9823534573827472,0.0006377335123872176,2.4146008491516113,0.30477051774813474,0.5864797648654759,0.28118734516076543
84,0.9736382365226746,0.0006300512324300975,2.4517645835876465,0.31132715351571333,0.5733664933303187,0.2747833589668713
85,0.9709486620766776,0.0006223358795513812,2.6025447845458984,0.33031878815283744,0.5943929459642776,0.29291430205933655
86,0.9763331242970058,0.0006145894158182944,2.4412119388580322,0.3174316075062175,0.5695229482251866,0.290471602842502
87,0.9692699824060712,0.0006068138112097674,2.418020725250244,0.3142663350666968,0.5602532217951617,0.29043557278596593
88,0.9477671129362923,0.0005990110431154549,2.4628992080688477,0.31788378928329186,0.577210038435451,0.29231850568556417
89,0.9708720190184457,0.000591183095832872,2.495954751968384,0.3106488808501017,0.5765317657698394,0.29192198363734106
90,0.9578159281185695,0.0005833319600627753,2.4197897911071777,0.3138141532896224,0.5806014017635089,0.2930616955678728
91,0.9734343205179486,0.0005754596324029124,2.450716495513916,0.3285100610445399,0.5986886728464843,0.3070764565483526
92,0.9720257690974644,0.0005675681148402743,2.4186015129089355,0.3063531539678951,0.5767578566583766,0.2828755676531044
93,0.969479637486594,0.0005596594142419759,2.494562864303589,0.2875876102193082,0.551209586253674,0.2646032716024083
94,0.9400760275976998,0.000551735541844896,2.4308438301086426,0.3065792448564323,0.5808274926520461,0.29717773403698877
95,0.9569165536335537,0.0005437985127442064,2.446488380432129,0.3165272439520687,0.5778883111010626,0.28988005167683584
96,0.9255533133234296,0.0005358503453809188,2.409294366836548,0.32127515261134976,0.5781144019895998,0.2929473861211001
97,0.924792298248836,0.0005278930610285813,2.4317212104797363,0.3088401537418042,0.587836310196699,0.2952267668640134
98,0.9316379683358329,0.0005199286832792552,2.4869461059570312,0.3011530635315397,0.5826362197603436,0.2858367333641683
99,0.9430686235427856,0.0005119592375289015,2.430464744567871,0.29843997286909335,0.567714221116889,0.28077738169609334
100,0.941422598702567,0.0005039867504623084,2.410569190979004,0.3029617906398372,0.5751752204386164,0.28807844975876545
101,0.9089150088174003,0.0004960132495376918,2.4849014282226562,0.32692742482477954,0.6002713090662446,0.2979594768454002
102,0.9104538474764142,0.00048804076247109865,2.406789541244507,0.3135880624010852,0.5821840379832692,0.29124365872668156
103,0.9150069441114154,0.0004800713167207449,2.4209275245666504,0.32172733438842416,0.5803753108749717,0.28422798565211066
104,0.9403948443276542,0.00047210693897141876,2.427091360092163,0.326249152159168,0.5907754917476825,0.2900271058235565
105,0.9109084350722176,0.00046414965461908124,2.4066057205200195,0.32737960660185395,0.5808274926520461,0.29212053904349283
106,0.9170284186090741,0.00045620148725579354,2.412951946258545,0.33348406059235813,0.5765317657698394,0.2980461651379979
107,0.9010591506958008,0.0004482644581551039,2.425654649734497,0.3359710603662672,0.5898711281935338,0.31215145184327037
108,0.904287610735212,0.00044034058575802423,2.4123270511627197,0.31494460773230837,0.5679403120054262,0.28873536265137595
109,0.8963135140282767,0.0004324318851597258,2.4551572799682617,0.31110106262717613,0.5715577662220213,0.2874808084236651
110,0.9099892973899841,0.00042454036759708764,2.415673017501831,0.3382319692516392,0.6011756726203934,0.31166734838106525
111,0.8919615575245449,0.0004166680399372248,2.4262919425964355,0.3253447886050192,0.5846710377571784,0.2965875955367625
112,0.8901506747518267,0.00040881690416712805,2.4302217960357666,0.3287361519330771,0.5674881302283518,0.30171777985559317
113,0.8893268023218427,0.0004009889568845453,2.404195785522461,0.3253447886050192,0.5774361293239882,0.2977863035280777
114,0.8956912245069232,0.00039318618879023254,2.446889638900757,0.3319014243725978,0.5796970382093601,0.3104564803074282
115,0.878954895905086,0.00038541058418170554,2.4466936588287354,0.326249152159168,0.5885145828623106,0.31052387702674195
116,0.8837904844965253,0.00037766412044861906,2.413898468017578,0.32466651593940765,0.5957494912955008,0.3005042925312773
117,0.8720990674836295,0.00036994876756990265,2.453209638595581,0.33348406059235813,0.5923581279674429,0.2988062698191624
118,0.8749375173023769,0.0003622664876127824,2.447190046310425,0.34117115080262267,0.5939407641872032,0.3083479169938519
119,0.8719665578433445,0.0003546192342338131,2.4831647872924805,0.34931042278996155,0.6016278543974678,0.30814770487967263
120,0.8750235268047878,0.00034700895218205027,2.467245101928711,0.35315396789509385,0.6075062174994348,0.30797951907555116
121,0.8738641909190586,0.00033943757680448693,2.454847574234009,0.33303187881528373,0.5984625819579471,0.3026449294426709
122,0.8739910806928363,0.0003319070335538816,2.479705333709717,0.3289622428216143,0.595975582184038,0.3078958675188867
123,0.8779363887650626,0.0003244192374991027,2.418224573135376,0.3282839701560027,0.5790187655437485,0.29717991664251336
124,0.8699719480105809,0.0003169760928381127,2.4227588176727295,0.3233099706081845,0.5796970382093601,0.2992197632061573
125,0.8697706375803266,0.0003095794924137184,2.409231185913086,0.32150124349988696,0.5787926746552114,0.30118698717915426
126,0.8628571374075753,0.00030223131723220754,2.4651248455047607,0.3312231517069862,0.5778883111010626,0.303308379935112
127,0.8639285564422607,0.00029493343598499565,2.4540042877197266,0.3364232421433416,0.5885145828623106,0.3061829129013694
128,0.8604172553334918,0.00028768770457340576,2.4561734199523926,0.3445625141306805,0.6023061270630794,0.30490503114331485
129,0.8685040388788495,0.0002804959656366993,2.4029014110565186,0.34117115080262267,0.6041148541713769,0.30362581921665893
130,0.8592192786080497,0.00027336004808348093,2.4366369247436523,0.32466651593940765,0.5991408546235587,0.2980828511298823
131,0.8559742399624416,0.0002662817666265932,2.4126839637756348,0.32692742482477954,0.6014017635089306,0.29774388308764066
132,0.851001671382359,0.0002592629213216243,2.440722703933716,0.332127515261135,0.5952973095184264,0.29989166993085603
133,0.8577284131731305,0.00025230529710914076,2.4149816036224365,0.3456929685733665,0.5950712186298892,0.3091209790756333
134,0.8483373352459499,0.0002454106633607643,2.449796438217163,0.33687542392041603,0.5930364006330545,0.3043330234324792
135,0.8495339921542576,0.00023858077342920968,2.4062492847442627,0.33371015148089533,0.5952973095184264,0.30506002220697925
136,0.844800421169826,0.00023181736420239385,2.402061939239502,0.33099706081844904,0.5921320370789057,0.3048046286261632
137,0.8463871989931379,0.0002251221556617344,2.4265236854553223,0.3285100610445399,0.5871580375310875,0.3007992963538173
138,0.8387753708021981,0.00021849685044474532,2.4725394248962402,0.3264752430477052,0.581957947094732,0.30409053096446054
139,0.8424613901547023,0.00021194313341204595,2.4073705673217773,0.3361971512548044,0.5853493104227899,0.31280394674750234
140,0.8486476370266506,0.0002054626712188886,2.4229538440704346,0.3373276056974904,0.5860275830884015,0.31124802205241564
141,0.8368394800594875,0.0001990571118913166,2.41070818901062,0.33664933303187883,0.590097219082071,0.3068054281210199
142,0.8536139045442853,0.00019272808440706025,2.414858102798462,0.34365815057653176,0.5995930364006331,0.3128426961486952
143,0.8386131014142718,0.0001864771982812763,2.4249675273895264,0.3481799683472756,0.6023061270630794,0.3173990776881006
144,0.8416242344038827,0.00018030604315723764,2.4490768909454346,0.34049287813701107,0.6020800361745422,0.3077515307327015
145,0.835160391671317,0.00017421618840207575,2.4881131649017334,0.341623332579697,0.600723490843319,0.3093172377283909
146,0.837486037186214,0.0001682091827076796,2.479663848876953,0.3445625141306805,0.6063757630567488,0.31243437057739104
147,0.8336868967328753,0.0001622865536968534,2.450096607208252,0.3423016052453086,0.6029843997286909,0.3126338897860333
148,0.851601779460907,0.00015644980753483107,2.4340193271636963,0.34637124123897806,0.6038887632828397,0.3172658765859982
149,0.8365347811153957,0.00015070042854624832,2.442394256591797,0.34637124123897806,0.6023061270630794,0.31664108251716155
150,0.8344645159585136,0.00014503987883766856,2.4466075897216797,0.3450146959077549,0.5982364910694099,0.3129854533070589
151,0.842436535017831,0.00013946959792575915,2.4650795459747314,0.3429798779109202,0.6050192177255257,0.3123519754345957
152,0.834295996597835,0.00013399100237121265,2.4421584606170654,0.3425276961338458,0.6041148541713769,0.31125322602677385
153,0.8360289846147809,0.00012860548541850542,2.420987367630005,0.3420755143567714,0.6014017635089306,0.31455740686723455
154,0.8320028526442391,0.0001233144166415861,2.4162774085998535,0.3454668776848293,0.6041148541713769,0.317797877780959
155,0.8366146343094962,0.00011811914159558374,2.4370040893554688,0.3477277865702012,0.6054713995026001,0.32079204467263883
156,0.8324459876332965,0.00011302098147462347,2.416865110397339,0.34976260456703595,0.6041148541713769,0.3230407250608075
157,0.8308438743863787,0.0001080212327758382,2.4198474884033203,0.3459190594619037,0.6038887632828397,0.31869841047116915
158,0.8292863624436515,0.00010312116696966012,2.443521499633789,0.34320596879945736,0.6038887632828397,0.31694294677090723
159,0.8304302777562823,9.832203017647744e-05,2.4435436725616455,0.34026678724847387,0.6027583088401537,0.313337659562652
160,0.8294522506850106,9.362504284973683e-05,2.4548139572143555,0.338005878363102,0.6054713995026001,0.31266410288375285
161,0.8301003490175519,8.903139946557437e-05,2.4123880863189697,0.34026678724847387,0.6063757630567488,0.3134074904097171
162,0.831997173173087,8.45422682190517e-05,2.4264044761657715,0.34071896902554827,0.6050192177255257,0.31753404851868877
163,0.831707375390189,8.01587907270761e-05,2.506625175476074,0.3377797874745648,0.6016278543974678,0.3155515372924451
164,0.8261727264949253,7.588208173807943e-05,2.4199936389923096,0.34320596879945736,0.6029843997286909,0.32068430713602014
165,0.8332281282969883,7.171322884852987e-05,2.4507803916931152,0.34365815057653176,0.6023061270630794,0.3198424393251492
166,0.8280688864844186,6.765329222634891e-05,2.439181089401245,0.3425276961338458,0.5991408546235587,0.3202438367116647
167,0.8296320268086025,6.370330434130317e-05,2.476792335510254,0.34433642324214336,0.6043409450599141,0.32314142435937016
168,0.8337788837296622,5.986426970244008e-05,2.412034273147583,0.347501695681664,0.6045670359484513,0.32463879272389107
169,0.8257632255554199,5.613716460263485e-05,2.43188738822937,0.3479538774587384,0.6020800361745422,0.3237900735470627
170,0.8266386730330331,5.252293687031196e-05,2.453394651412964,0.3511191498982591,0.6047931268369885,0.32600965493202155
171,0.8305943267686027,4.902250562840621e-05,2.607060194015503,0.34727560479312686,0.6032104906172281,0.32348468115279977
172,0.8251558712550572,4.563676106062331e-05,2.4200901985168457,0.3481799683472756,0.6052453086140629,0.32552812102616513
173,0.8262941070965358,4.236656418506013e-05,2.3982441425323486,0.3456929685733665,0.6070540357223604,0.32238115004391205
174,0.8267736860683986,3.921274663524182e-05,2.3989908695220947,0.3459190594619037,0.6061496721682116,0.32309545435206943
175,0.8269281131880624,3.6176110448631395e-05,2.52333664894104,0.34637124123897806,0.6068279448338232,0.32261653547554964
176,0.8310712490762983,3.325742786266689e-05,2.434845209121704,0.34908433190142435,0.6079583992765092,0.3243414392980483
177,0.8240311316081456,3.0457441118375283e-05,2.420328140258789,0.3511191498982591,0.6075062174994348,0.3270241417492524
178,0.8243680681501117,2.777686227161591e-05,2.4297924041748047,0.35044087723264755,0.6084105810535836,0.32639810618444853
179,0.8256736142294747,2.5216373011999693e-05,2.4688167572021484,0.3513452407867963,0.6097671263848067,0.32589343905712165
180,0.829285340649741,2.277662448953066e-05,2.4061851501464844,0.35044087723264755,0.6102193081618811,0.32375142489204967
181,0.8282525198800224,2.0458237149014347e-05,2.423842430114746,0.3508930590097219,0.6097671263848067,0.3240811095370087
182,0.8271953804152352,1.8261800572274e-05,2.457498073577881,0.34998869545557315,0.6095410354962695,0.32508498900538974
183,0.8251551219395229,1.618787332821614e-05,2.4442312717437744,0.3511191498982591,0.6093149446077323,0.3264921506446342
184,0.8274272765432086,1.4236982830782675e-05,2.420832872390747,0.3508930590097219,0.6075062174994348,0.3265781698396053
185,0.8265662278447833,1.2409625204825803e-05,2.4093570709228516,0.35202351345240784,0.6081844901650464,0.32482519267493154
186,0.8281317864145551,1.0706265159939943e-05,2.4490208625793457,0.35247569522948224,0.6093149446077323,0.32648050833442727
187,0.8281110014234271,9.12733587228326e-06,2.4586448669433594,0.35224960434094504,0.6111236717160299,0.3267337036405522
188,0.8318893994603839,7.673238874417677e-06,2.4812726974487305,0.3511191498982591,0.6102193081618811,0.3269074904138691
189,0.8258113861083984,6.3443439531963855e-06,2.429107427597046,0.34998869545557315,0.6113497626045671,0.32465715144492735
190,0.8234359792300633,5.140989055724688e-06,2.4427006244659424,0.3513452407867963,0.6113497626045671,0.32685167271726473
191,0.8257033058575222,4.063480203417624e-06,2.4483463764190674,0.3508930590097219,0.6104453990504183,0.32726883920385424
192,0.8273390701838902,3.112091414176621e-06,2.4742591381073,0.34998869545557315,0.6111236717160299,0.32605493396225255
193,0.8275449105671474,2.2870646327050047e-06,2.422774314880371,0.35044087723264755,0.6129323988243274,0.32572600541170166
194,0.8291023629052299,1.588609668979446e-06,2.4204750061035156,0.34931042278996155,0.6104453990504183,0.3243913833699106
195,0.8281407185963222,1.016904144894304e-06,2.4384641647338867,0.3477277865702012,0.6097671263848067,0.3237774714796211
196,0.8250230465616498,5.720934490907604e-07,2.4108924865722656,0.34931042278996155,0.6106714899389555,0.32481224310463197
197,0.8301463808332171,2.5429069998367247e-07,2.4181137084960938,0.3515713316753335,0.6093149446077323,0.3265033105632169
198,0.827893580709185,6.357671699486201e-08,2.4155893325805664,0.35202351345240784,0.6088627628306579,0.32684179996974494
199,0.8242773498807635,0.0,2.4150097370147705,0.34976260456703595,0.6093149446077323,0.32502809064183635
